Full name,Country / origin,Previous study / background,Preferred track
Amara Okonkwo-Lindqvist,Nigeria,"Medicine, MD",Population health
Tomás Riverola Quint,Spain,Health economics (BSc),Economic evaluation
Priya Venkataraman-Holt,India,Public health (MPH),Population health
Lukas Brennhofer,Germany,Business administration,Healthcare institutions
Mei-Lin Tsao Varga,Taiwan,Pharmacy,Economic evaluation
José Arandela Pimentel,Brazil,Nursing,Healthcare institutions
Ingrid Solvhaug,Norway,Political science,Policy
Kwame Asantewaa Boateng,Ghana,"Economics, BSc",Policy
Zoë Marchetti-Lowe,Italy,Biomedical engineering,Healthcare institutions
Farid Al-Qasimir,Jordan,Medicine (general practitioner),
Hana Kovářová-Ellis,Czech Republic,Statistics,Economic evaluation
Diego Valcárcel Ruano,Mexico,Health management,Healthcare institutions
Aiko Nakamuraya,Japan,Epidemiology,Population health
Samuel Thorncliffe-Adeyemi,,Economics,Policy
Leila Farahzadeh,Iran,Dentistry,Healthcare institutions
Linh Tranvu,Vietnam,Public health,Population health
Oskar Wielandt-Hayes,Australia,"Finance, accounting ""with a health focus""",Economic evaluation
Chiara Benvolio Sarti,Italy,Law,Policy
Mateus Kiluange,Angola,Medicine,
Sofía Arreguín Tello,Argentina,Psychology,Population health
Rahul Desikachar-Moss,India,,Economic evaluation
Elif Karadereli,Turkey,Nutrition science,Population health
Noah Pemberley-Saito,Canada,Health informatics,Healthcare institutions
Thandiwe Mokoena-Briggs,South Africa,,Policy
Yara Haddadine,,"Pharmacy, PharmD",
