Date,Title,Category,Message,Link,Pinned,Expires,Posted by
2026-09-07,Welcome to EU-HEM!,Student,"Welcome to Bologna and to the program! This hub collects the timetable, exam dates and a city guide in one place.
Questions? Ask your class representatives.",https://adnantarabishi.github.io/eu-hem-student-hub/city-guide.html,Yes,,Student Hub team
2026-09-15,Welcome aperitivo,Social,"Join us for a welcome aperitivo on Friday evening, a relaxed way to meet the new cohort.",,No,2026-09-20,Class representatives
2026-09-25,How to register for exams,Academic,"Exam registration is done on AlmaEsami. Registration for each exam opens about two weeks before the exam date, so check the Exams section regularly.",https://almaesami.unibo.it/almaesami/welcome.htm,No,2026-11-15,Student Hub team
28/09/2026,Discounted annual bus pass,University,"UniBo students can buy the subsidised annual TPER bus pass through Studenti Online. See the City Guide for details.",https://www.unibo.it/en/study/life-at-university-and-in-the-city/transport-and-mobility/transport-and-mobility-subsidies-for-students,No,2026-12-15,Student Hub team
2026-09-29,Statistics study group,Student,"A weekly study group for Statistics for Healthcare is starting.
We meet after Thursday's class in the study room. Everyone is welcome!",,No,2026-12-20,Class representatives
2026-09-30,Weekend trip to Ravenna,Social,"Day trip to Ravenna on Saturday to see the mosaics. Train from Bologna Centrale, about 1 hour 20 minutes each way. Sign up in the class group.",,No,2026-10-10,Social committee
2026-10-01,Study room Wi-Fi maintenance this afternoon,Urgent,"The Wi-Fi in the study rooms will be unavailable this afternoon for maintenance. Plan to download your materials in advance.",,No,2026-10-02,Class representatives
2026-10-08,Career talk: jobs in health economics,Academic,"An informal talk with graduates about careers in health economics and management.",,No,2026-10-09,Class representatives
